{
    "bbox_mean": [
        0.000437,
        0.002586,
        -0.123953,
        -0.081469
    ],
    "bbox_std": [
        0.12677,
        0.095741,
        0.3173,
        0.281042
    ]
}